zeitstempel,energie_kwh
2027-01-01 00:00:00,345.7
2027-01-01 01:00:00,144.0
2027-01-01 02:00:00,412.6
2027-01-01 03:00:00,441.1
2027-01-01 04:00:00,7.3
2027-01-01 05:00:00,104.7
2027-01-01 06:00:00,319.2
2027-01-01 07:00:00,252.6
2027-01-01 08:00:00,297.5
2027-01-01 09:00:00,172.0
2027-01-01 10:00:00,431.9
2027-01-01 11:00:00,416.7
2027-01-01 12:00:00,309.9
2027-01-01 13:00:00,469.1
2027-01-01 14:00:00,370.1
2027-01-01 15:00:00,171.1
2027-01-01 16:00:00,355.3
2027-01-01 17:00:00,156.2
2027-01-01 18:00:00,431.8
2027-01-01 19:00:00,292.5
2027-01-01 20:00:00,272.3
2027-01-01 21:00:00,197.9
2027-01-01 22:00:00,483.4
2027-01-01 23:00:00,276.8
2027-01-02 00:00:00,235.8
2027-01-02 01:00:00,247.2
2027-01-02 02:00:00,379.8
2027-01-02 03:00:00,354.8
2027-01-02 04:00:00,361.9
2027-01-02 05:00:00,364.6
2027-01-02 06:00:00,621.2
2027-01-02 07:00:00,239.0
2027-01-02 08:00:00,223.2
2027-01-02 09:00:00,177.9
2027-01-02 10:00:00,392.4
2027-01-02 11:00:00,469.3
2027-01-02 12:00:00,282.9
2027-01-02 13:00:00,174.0
2027-01-02 14:00:00,176.3
2027-01-02 15:00:00,397.6
2027-01-02 16:00:00,411.5
2027-01-02 17:00:00,381.5
2027-01-02 18:00:00,200.2
2027-01-02 19:00:00,334.8
2027-01-02 20:00:00,317.5
2027-01-02 21:00:00,332.8
2027-01-02 22:00:00,430.7
2027-01-02 23:00:00,333.5
