zeitstempel,waermelast_kwh
2027-01-01 00:00:00,290.7
2027-01-01 01:00:00,254.1
2027-01-01 02:00:00,267.3
2027-01-01 03:00:00,287.9
2027-01-01 04:00:00,162.6
2027-01-01 05:00:00,230.8
2027-01-01 06:00:00,221.8
2027-01-01 07:00:00,211.7
2027-01-01 08:00:00,233.5
2027-01-01 09:00:00,339.7
2027-01-01 10:00:00,198.1
2027-01-01 11:00:00,308.1
2027-01-01 12:00:00,149.0
2027-01-01 13:00:00,229.9
2027-01-01 14:00:00,259.8
2027-01-01 15:00:00,285.2
2027-01-01 16:00:00,292.7
2027-01-01 17:00:00,297.6
2027-01-01 18:00:00,229.1
2027-01-01 19:00:00,222.3
2027-01-01 20:00:00,301.5
2027-01-01 21:00:00,238.5
2027-01-01 22:00:00,173.5
2027-01-01 23:00:00,182.0
2027-01-02 00:00:00,194.8
2027-01-02 01:00:00,279.8
2027-01-02 02:00:00,258.5
2027-01-02 03:00:00,291.4
2027-01-02 04:00:00,224.4
2027-01-02 05:00:00,259.5
2027-01-02 06:00:00,287.5
2027-01-02 07:00:00,231.4
2027-01-02 08:00:00,277.4
2027-01-02 09:00:00,210.3
2027-01-02 10:00:00,228.2
2027-01-02 11:00:00,227.1
2027-01-02 12:00:00,178.2
2027-01-02 13:00:00,279.2
2027-01-02 14:00:00,221.8
2027-01-02 15:00:00,250.7
2027-01-02 16:00:00,278.8
2027-01-02 17:00:00,276.8
2027-01-02 18:00:00,289.9
2027-01-02 19:00:00,244.1
2027-01-02 20:00:00,224.6
2027-01-02 21:00:00,245.2
2027-01-02 22:00:00,148.8
2027-01-02 23:00:00,163.2
